upper/lower canyon,environment,lat,long,type,direction,source,,,outliers (erronous points),,,,,
,axis,,,flutes,186,3b,,,,,,,,
,axis,29.9679,-115.8078,flutes,189,into-TBT,,,,,,,,
,axis,29.9679,-115.8078,flutes,207,into-TBT,,,,,,,,
,axis,29.9782,-115.801,flutes,245,PB-upper,,,,,,,,
,axis,29.9782,-115.801,flutes,240,PB-upper,,,,,,,,
,axis,29.9782,-115.801,flutes,236,PB-upper,,,,,,,,
,axis,29.9782,-115.801,flutes,268,PB-upper,,,,,,,,
,axis,29.9782,-115.801,flutes,268,PB-upper,,,,,,,,
,axis,29.9782,-115.801,flutes,266,PB-upper,,,,,,,,
,axis,29.9782,-115.801,flutes,163,PB-upper,,,,,,,,
,axis,29.9782,-115.801,flutes,181,PB-upper,,,,,,,,
,axis,29.9782,-115.801,flutes,186,PB-upper,,,,,,,,
,axis,29.9782,-115.801,flutes,193,PB-upper,,,,,,,,
,axis,29.9782,-115.801,flutes,197,PB-upper,,,,,,,,
,axis,29.9782,-115.801,flutes,198,PB-upper,,,,,,,,
,axis,29.9782,-115.801,flutes,277,PB-upper,,,,,,,,
,axis,29.973056,-115.803889,flutes,241,PB_Chaotic 1,,,,,,,,
,axis,29.978056,-115.801944,imbrication,261,congl3,,,,,,,,
,axis,29.978056,-115.801944,imbrication,243,congl3,,,,,,,,
,axis,29.978056,-115.801944,imbrication,260,congl3,,,,,,,,
,axis,29.978056,-115.801944,imbrication,235,congl3,,,,,,,,
,axis,29.978056,-115.801944,imbrication,247,congl3,,,,,,,,
,axis,29.978056,-115.801944,imbrication,256,congl3,,,,,,,,
,axis,29.978056,-115.801944,imbrication,187,congl3,,,,,,,,
,axis,29.978056,-115.801944,imbrication,178,congl3,,,,,,,,
,axis,29.978056,-115.801944,imbrication,235,congl3,,,,,,,,
,axis,29.978056,-115.801944,imbrication,204,congl3,,,,,,,,
,axis,29.978056,-115.801944,imbrication,229,congl3,,,,,,,,
,axis,29.978056,-115.801944,imbrication,236,congl3,,,,,,,,
,axis,29.978056,-115.801944,imbrication,251,congl3,,,Unusual directions from congl2,,,,,
,axis,29.978056,-115.801944,imbrication,225,congl3,,,,,,,,
,axis,29.978056,-115.801944,imbrication,204,congl3,,,axis,29.969444,-115.804444,imbrication,124,congl2
,axis,29.978056,-115.801944,imbrication,212,congl3,,,axis,29.969444,-115.804444,imbrication,149,congl2
,axis,29.978056,-115.801944,imbrication,259,congl3,,,axis,29.969444,-115.804444,imbrication,117,congl2
,axis,29.978056,-115.801944,imbrication,240,congl3,,,axis,29.969444,-115.804444,imbrication,101,congl2
,axis,29.978056,-115.801944,imbrication,250,congl3,,,axis,29.969444,-115.804444,imbrication,186,congl2
,axis,29.978056,-115.801944,imbrication,268,congl3,,,,,,,,
,axis,29.978056,-115.801944,imbrication,269,congl3,,,axis,29.969444,-115.804444,imbrication,104,congl2
,axis,29.978056,-115.801944,imbrication,266,congl3,,,axis,29.969444,-115.804444,imbrication,92,congl2
,axis,29.978056,-115.801944,imbrication,258,congl3,,,axis,29.969444,-115.804444,imbrication,129,congl2
,axis,29.978056,-115.801944,imbrication,256,congl3,,,axis,29.969444,-115.804444,imbrication,321,congl2
,axis,29.978056,-115.801944,imbrication,265,congl3,,,axis,29.978056,-115.801944,imbrication,278,congl3
,axis,29.978056,-115.801944,imbrication,265,congl2,,,axis,29.969444,-115.804444,imbrication,74,congl2
,axis,29.977617,-115.802628,imbrication,242,PB_A_Amphitheater long,,,axis,29.978056,-115.801944,imbrication,292,congl2
,axis,29.977617,-115.802628,imbrication,262,PB_A_Amphitheater long,,,axis,29.969444,-115.804444,imbrication,104,congl2
,axis,29.977617,-115.802628,imbrication,242,PB_A_Amphitheater long,,,,,,,,
,axis,29.977617,-115.802628,imbrication,235,PB_A_Amphitheater long,,,axis,29.969444,-115.804444,imbrication,86,congl2
,axis,29.977617,-115.802628,imbrication,222,PB_A_Amphitheater long,,,,,,,,
,axis,29.977617,-115.802628,imbrication,216,PB_A_Amphitheater long,,,,,,,,
,axis,29.977617,-115.802628,imbrication,206,PB_A_Amphitheater long,,,,,,,,
,axis,29.977617,-115.802628,imbrication,228,PB_A_Amphitheater long,,,,,,,,
,axis,29.977617,-115.802628,imbrication,245,PB_A_Amphitheater long,,,,,,,,
,axis,29.977617,-115.802628,imbrication,231,PB_A_Amphitheater long,,,axis,29.969444,-115.804444,imbrication,90,congl2
,axis,29.977617,-115.802628,imbrication,208,PB_A_Amphitheater long_east sidetrack,,,,,,,,
,axis,29.977617,-115.802628,imbrication,212,PB_A_Amphitheater long_east sidetrack,,,,,,,,
,axis,29.977617,-115.802628,imbrication,220,PB_A_Amphitheater long_east sidetrack,,,,,,,,
,axis,29.977617,-115.802628,imbrication,215,PB_A_Amphitheater long_east sidetrack,,,,,,,,
,axis,29.970556,-115.804722,imbrication,204,PB_M_XLong_01,,,,,,,,
,axis,29.970556,-115.804722,imbrication,196,PB_M_XLong_01,,,,,,,,
,axis,29.970556,-115.804722,imbrication,202,PB_M_XLong_01,,,,,,,,
,axis,29.970556,-115.804722,imbrication,254,PB_M_XLong_01,,,,,,,,
,axis,29.970556,-115.804722,imbrication,244,PB_M_XLong_01,,,,,,,,
,axis,29.970556,-115.804722,imbrication,258,PB_M_XLong_01,,,,,,,,
,axis,29.970556,-115.804722,imbrication,240,PB_M_XLong_01,,,,,,,,
,axis,29.978333,-115.8025,imbrication,215,PB_Long_North 2,,,,,,,,
,axis,29.978333,-115.8025,imbrication,160,PB_Long_North 2,,,,,,,,
,axis,29.978333,-115.8025,imbrication,191,PB_Long_North 2,,,,,,,,
,axis,29.978333,-115.8025,imbrication,186,PB_Long_North 2,,,,,,,,
,axis,29.978333,-115.8025,imbrication,212,PB_Long_North 2,,,,,,,,
,axis,29.978333,-115.8025,imbrication,205,PB_Long_North 2,,,,,,,,
,axis,29.978333,-115.8025,imbrication,242,PB_Long_North 2,,,,,,,,
,axis,29.978333,-115.8025,imbrication,240,PB_Long_North 2,,,,,,,,
,axis,29.978333,-115.8025,imbrication,280,PB_Long_North 2,,,,,,,,
,axis,29.978333,-115.8025,imbrication,197,PB_Long_North 2,,,,,,,,
,axis,29.978333,-115.8025,imbrication,167,PB_Long_North 2,,,,,,,,
,axis,29.978333,-115.8025,imbrication,199,PB_Long_North 2,,,,,,,,
,axis,29.978333,-115.8025,imbrication,183,PB_Long_North 2,,,,,,,,
,axis,29.978333,-115.8025,imbrication,218,PB_Long_North 2,,,,,,,,
,axis,29.978333,-115.8025,imbrication,182,PB_Long_North 2,,,,,,,,
,axis,29.978333,-115.8025,imbrication,242,PB_Long_North 2,,,,,,,,
,axis,29.980183,-115.802583,imbrication,294,PB_Long_North 1,,,,,,,,
,axis,29.980183,-115.802583,imbrication,231,PB_Long_North 1,,,,,,,,
,axis,29.980183,-115.802583,imbrication,260,PB_Long_North 1,,,,,,,,
,axis,29.980183,-115.802583,imbrication,274,PB_Long_North 1,,,,,,,,
,axis,29.980183,-115.802583,imbrication,238,PB_Long_North 1,,,,,,,,
,axis,29.980183,-115.802583,imbrication,239,PB_Long_North 1,,,axis,29.980183,-115.802583,imbrication,303,PB_Long_North 1
,axis,29.980183,-115.802583,imbrication,254,PB_Long_North 1,,,,,,,,
,axis,29.980183,-115.802583,imbrication,268,PB_Long_North 1,,,axis,29.980183,-115.802583,imbrication,270,PB_Long_North 1
,axis,29.980183,-115.802583,imbrication,266,PB_Long_North 1,,,axis,29.980183,-115.802583,imbrication,275,PB_Long_North 1
,axis,29.980183,-115.802583,imbrication,244,PB_Long_North 1,,,axis,29.980183,-115.802583,imbrication,276,PB_Long_North 1
,axis,29.980183,-115.802583,imbrication,275,PB_Long_North 1,,,axis,29.980183,-115.802583,imbrication,272,PB_Long_North 1
,axis,29.980183,-115.802583,imbrication,251,PB_Long_North 1,,,,,,,,
,axis,29.980183,-115.802583,imbrication,252,PB_Long_North 1,,,,,,,,
,axis,29.980183,-115.802583,imbrication,269,PB_Long_North 1,,,,,,,,
,axis,29.980183,-115.802583,imbrication,241,PB_Long_North 1,,,,,,,,
,axis,,,imbrication,169,1E,,,,,,,,
,axis,,,imbrication,210,1E,,,axis,29.980183,-115.802583,imbrication,309,PB_Long_North 1
,axis,,,imbrication,210,1E,,,,,,,,
,axis,,,imbrication,189,1E,,,axis,29.980183,-115.802583,imbrication,298,PB_Long_North 1
,axis,,,imbrication,156,1E,,,axis,29.980183,-115.802583,imbrication,280,PB_Long_North 1
,axis,,,imbrication,190,1E,,,,,,,,
,axis,,,imbrication,295,1E,,,,,,,,
,axis,,,imbrication,250,1E,,,,,,,,
,axis,,,imbrication,280,1E,,,,,,,,
,axis,,,imbrication,263,1E,,,,,,,,
,axis,,,imbrication,215,1E,,,,,,,,
,axis,,,imbrication,165,1E,,,,,,,,
,axis,,,imbrication,258,1E,,,,,,,,
,axis,,,imbrication,167,1F,,,axis,29.980183,-115.802583,imbrication,286,PB_Long_North 1
,axis,,,imbrication,287,1F,,,,,,,,
,axis,,,imbrication,153,1F,,,,,,,,
,axis,,,imbrication,182,1F,,,axis,29.980183,-115.802583,imbrication,307,PB_Long_North 1
,axis,,,imbrication,190,1F,,,,,,,,
,axis,,,imbrication,152,1F,,,,,,,,
,axis,,,imbrication,194,1F,,,axis,29.980183,-115.802583,imbrication,281,PB_Long_North 1
,axis,,,imbrication,210,1F,,,,,,,,
,axis,,,imbrication,297,1F,,,,,,,,
,axis,,,imbrication,186,1F,,,axis,,,imbrication,141,1E
,axis,,,imbrication,167,1F,,,axis,,,imbrication,148,1E
,axis,,,imbrication,184,1F,,,,,,,,
,axis,,,imbrication,260,1F,,,axis,29.980183,-115.802583,imbrication,293,PB_Long_North 1
,axis,,,imbrication,250,1F,,,axis,29.980183,-115.802583,imbrication,293,PB_Long_North 1
,axis,,,imbrication,180,1G,,,axis,,,imbrication,130,1F
,axis,,,imbrication,210,1G,,,axis,,,imbrication,133,1F
,axis,,,imbrication,187,1G,,,axis,,,imbrication,127,1F
,axis,,,imbrication,194,1G,,,axis,,,imbrication,126,1F
,axis,,,imbrication,154,1H,,,axis,,,imbrication,148,1F
,axis,,,imbrication,182,1H,,,,,,,,
,axis,,,imbrication,152,1i,,,,,,,,
,axis,,,imbrication,210,1i,,,axis,,,imbrication,148,1G
,axis,,,imbrication,187,1i,,,axis,,,imbrication,148,1i
,axis,,,imbrication,194,1i,,,,,,,,
,axis,,,imbrication,145,1i,,,,,,,,
,axis,,,imbrication,172,3b,,,,,,,,
,axis,,,imbrication,213,3c,,,,,,,,
,axis,,,imbrication,198,3c,,,,,,,,
,axis,,,imbrication,198,3c,,,,,,,,
,axis,,,imbrication,255,3c,,,,,,,,
,axis,,,imbrication,274,3e,,,,,,,,
,axis,,,imbrication,170,PB2-PB,,,,,,,,
,axis,,,imbrication,168,PB2-PB,,,,,,,,
,axis,,,imbrication,162,PB2-PB,,,,,,,,
,axis,,,imbrication,154,PB2-PB,,,,,,,,
,axis,,,imbrication,238,PB2-PB,,,,,,,,
,axis,,,imbrication,222,PB2-PB,,,,,,,,
,axis,,,imbrication,223,PB2-PB,,,,,,,,
,axis,,,imbrication,220,PB2-PB,,,,,,,,
,axis,,,imbrication,229,PB2-PB,,,,,,,,
,axis,,,imbrication,248,PB2-PB,,,,,,,,
,axis,,,imbrication,232,PB2-PB,,,,,,,,
,axis,,,imbrication,203,PB2-PB,,,,,,,,
,axis,,,imbrication,226,PB2-PB,,,,,,,,
,axis,,,imbrication,234,PB2-PB,,,,,,,,
,axis,,,imbrication,160,PB2-PB,,,,,,,,
,axis,,,imbrication,171,PB2-PB,,,,,,,,
,axis,,,imbrication,261,PB2-PB,,,axis,,,imbrication,158,PB2-PB
,axis,,,imbrication,221,PB2-PB,,,axis,,,imbrication,155,PB2-PB
,axis,,,imbrication,163,PB2-PB,,,,,,,,
,axis,,,imbrication,157,PB2-PB,,,,,,,,
,axis,,,imbrication,191,PB2-PB,,,,,,,,
,axis,,,imbrication,191,PB2-PB,,,,,,,,
,axis,,,imbrication,170,PB2-PB,,,,,,,,
,axis,,,imbrication,176,PB2-PB,,,,,,,,
,axis,,,imbrication,171,PB2-PB,,,,,,,,
,axis,,,imbrication,151,PB2-PB,,,,,,,,
,axis,,,imbrication,150,PB2-PB,,,,,,,,
,axis,,,imbrication,159,PB2-PB,,,,,,,,
,axis,,,imbrication,191,PB2-PB,,,,,,,,
,axis,,,imbrication,176,PB2-PB,,,,,,,,
,axis,,,imbrication,163,PB2-PB,,,,,,,,
,axis,,,imbrication,168,PB2-PB,,,,,,,,
,axis,,,imbrication,205,PB2-PB,,,,,,,,
,axis,,,imbrication,227,PB2-PB,,,axis,,,imbrication,123,PB2-PB
,axis,,,imbrication,204,PB2-PB,,,axis,,,imbrication,117,PB2-PB
,axis,,,imbrication,158,PB2-PB,,,,,,,,
,axis,,,imbrication,174,PB2-PB,,,axis,,,imbrication,119,PB2-PB
,axis,,,imbrication,243,PB2-PB,,,axis,,,imbrication,114,PB2-PB
,axis,,,imbrication,165,PB2-PB,,,,,,,,
,axis,,,imbrication,180,PB2-PB,,,,,,,,
,axis,,,imbrication,259,PB2-PB,,,,,,,,
,axis,,,imbrication,185,PB2-PB,,,,,,,,
,axis,29.9574,-115.809129,imbrication,179,Village-west,,,,,,,,
,axis,29.9574,-115.809129,imbrication,171,Village-west,,,,,,,,
,axis,29.9574,-115.809129,imbrication,226,Village-west,,,,,,,,
,axis,29.9574,-115.809129,imbrication,179,Village-west,,,axis,,,imbrication,133,PB2-PB
,axis,29.9574,-115.809129,imbrication,157,Village-west,,,,,,,,
,axis,29.9574,-115.809129,imbrication,159,Village-west,,,,,,,,
,axis,29.9574,-115.809129,imbrication,145,Village-west,,,,,,,,
,axis,29.9574,-115.809129,imbrication,149,Village-west,,,,,,,,
,axis,29.9574,-115.809129,imbrication,165,Village-west,,,,,,,,
,axis,29.9574,-115.809129,imbrication,163,Village-west,,,,,,,,
,axis,29.9574,-115.809129,imbrication,195,Village-west,,,,,,,,
,axis,29.9574,-115.809129,imbrication,182,Village-west,,,,,,,,
,axis,29.9574,-115.809129,imbrication,231,Village-west,,,,,,,,
,axis,29.9574,-115.809129,imbrication,209,Village-west,,,,,,,,
,axis,29.9574,-115.809129,imbrication,172,Village-west,,,,,,,,
,axis,29.9574,-115.809129,imbrication,151,Village-west,,,,,,,,
,axis,29.9574,-115.809129,imbrication,156,Village-west,,,axis,,,imbrication,121,PB2-PB
,axis,29.9574,-115.809129,imbrication,142,Village-west,,,,,,,,
,axis,29.9574,-115.809129,imbrication,158,Village-west,,,,,,,,
,axis,29.9574,-115.809129,imbrication,172,Village-west,,,,,,,,
,axis,29.9574,-115.809129,imbrication,159,Village-west,,,,,,,,
,axis,29.9609,-115.8078,imbrication,269,west-upper-lower,,,,,,,,
,axis,29.9609,-115.8078,imbrication,209,west-upper-lower,,,,,,,,
,axis,29.9609,-115.8078,imbrication,250,west-upper-lower,,,,,,,,
,axis,29.9609,-115.8078,imbrication,240,west-upper-lower,,,,,,,,
,axis,29.9609,-115.8078,imbrication,237,west-upper-lower,,,,,,,,
,axis,29.9609,-115.8078,imbrication,200,west-upper-lower,,,,,,,,
,axis,29.9609,-115.8078,imbrication,185,west-upper-lower,,,,,,,,
,axis,29.9609,-115.8078,imbrication,191,west-upper-lower,,,,,,,,
,axis,29.9609,-115.8078,imbrication,211,west-upper-lower,,,,,,,,
,axis,29.9609,-115.8078,imbrication,228,west-upper-lower,,,,,,,,
,axis,29.9609,-115.8078,imbrication,221,west-upper-lower,,,,,,,,
,axis,29.9609,-115.8078,imbrication,220,west-upper-lower,,,,,,,,
,axis,29.9609,-115.8078,imbrication,249,west-upper-lower,,,axis,29.9574,-115.809129,imbrication,97,Village-west
,axis,29.9609,-115.8078,imbrication,197,west-upper-lower,,,axis,29.9574,-115.809129,imbrication,131,Village-west
,axis,29.9609,-115.8078,imbrication,213,west-upper-lower,,,,,,,,
,axis,29.9609,-115.8078,imbrication,180,west-upper-lower,,,axis,29.9574,-115.809129,imbrication,132,Village-west
,axis,29.9609,-115.8078,imbrication,220,west-upper-lower,,,,,,,,
,axis,29.9609,-115.8078,imbrication,188,west-upper-lower,,,axis,29.9574,-115.809129,imbrication,137,Village-west
,axis,29.9609,-115.8078,imbrication,205,west-upper-lower,,,,,,,,
,axis,29.9609,-115.8078,imbrication,189,west-upper-lower,,,,,,,,
,axis,29.9609,-115.8078,imbrication,247,west-upper-lower,,,,,,,,
,axis,29.9609,-115.8078,imbrication,214,west-upper-lower,,,,,,,,
,axis,29.9609,-115.8078,imbrication,225,west-upper-lower,,,,,,,,
,axis,29.9609,-115.8078,imbrication,247,west-upper-lower,,,,,,,,
,axis,29.9609,-115.8078,imbrication,192,west-upper-lower,,,axis,29.9574,-115.809129,imbrication,139,Village-west
,axis,29.9609,-115.8078,imbrication,229,west-upper-lower,,,axis,29.9574,-115.809129,imbrication,128,Village-west
,axis,29.9609,-115.8078,imbrication,240,west-upper-lower,,,,,,,,
,axis,29.9609,-115.8078,imbrication,216,west-upper-lower,,,,,,,,
,axis,29.9609,-115.8078,imbrication,222,west-upper-lower,,,,,,,,
,axis,29.9609,-115.8078,imbrication,227,west-upper-lower,,,axis,29.9574,-115.809129,imbrication,132,Village-west
,axis,29.9722376,-115.8043838,imbrication,219,PBIK2,,,,,,,,
,axis,29.9722376,-115.8043838,imbrication,232,PBIK2,,,axis,29.9574,-115.809129,imbrication,131,Village-west
,axis,29.9722376,-115.8043838,imbrication,228,PBIK2,,,,,,,,
,axis,29.9722376,-115.8043838,imbrication,242,PBIK2,,,,,,,,
,axis,29.9722376,-115.8043838,imbrication,201,PBIK2,,,,,,,,
,axis,29.9722376,-115.8043838,imbrication,195,PBIK2,,,axis,29.9574,-115.809129,imbrication,133,Village-west
,axis,29.9722376,-115.8043838,imbrication,214,PBIK2,,,,,,,,
,axis,29.9722376,-115.8043838,imbrication,222,PBIK2,,,,,,,,
,axis,29.9722376,-115.8043838,imbrication,202,PBIK2,,,,,,,,
,axis,29.9722376,-115.8043838,imbrication,189,PBIK2,,,,,,,,
,axis,29.9722376,-115.8043838,imbrication,198,PBIK2,,,,,,,,
,axis,29.9722376,-115.8043838,imbrication,252,PBIK2,,,,,,,,
,axis,29.9722376,-115.8043838,imbrication,171,PBIK2,,,,,,,,
,axis,29.9722376,-115.8043838,imbrication,292,PBIK2,,,,,,,,
,axis,29.9722376,-115.8043838,imbrication,205,PBIK2,,,,,,,,
,axis,29.9722376,-115.8043838,imbrication,236,PBIK2,,,,,,,,
,axis,29.9722376,-115.8043838,imbrication,246,PBIK2,,,,,,,,
,axis,29.9722376,-115.8043838,imbrication,293,PBIK2,,,,,,,,
,axis,29.9722376,-115.8043838,imbrication,230,PBIK2,,,,,,,,
,axis,29.9722376,-115.8043838,imbrication,217,PBIK2,,,,,,,,
,axis,29.9722376,-115.8043838,imbrication,265,PBIK2,,,,,,,,
,axis,29.9722376,-115.8043838,imbrication,258,PBIK2,,,,,,,,
,axis,29.9722376,-115.8043838,imbrication,231,PBIK2,,,,,,,,
,axis,29.9722376,-115.8043838,imbrication,262,PBIK2,,,,,,,,
,axis,29.9722376,-115.8043838,imbrication,236,PBIK2,,,,,,,,
,axis,29.9722376,-115.8043838,imbrication,257,PBIK2,,,,,,,,
,axis,29.9722376,-115.8043838,imbrication,219,PBIK2,,,,,,,,
,axis,29.9722376,-115.8043838,imbrication,252,PBIK2,,,,,,,,
,axis,29.9722376,-115.8043838,imbrication,238,PBIK2,,,,,,,,
,axis,29.9722376,-115.8043838,imbrication,245,PBIK2,,,axis,29.9722376,-115.8043838,imbrication,275,PBIK2
,axis,29.9722376,-115.8043838,imbrication,248,PBIK2,,,,,,,,
,axis,29.9722376,-115.8043838,imbrication,263,PBIK2,,,,,,,,
,axis,29.9722376,-115.8043838,imbrication,251,PBIK2,,,,,,,,
,axis,29.9619,-115.8087,imbrication,212,PB8IK,,,,,,,,
,axis,29.9619,-115.8087,imbrication,259,PB8IK,,,,,,,,
,axis,29.9619,-115.8087,imbrication,251,PB8IK,,,axis,29.9722376,-115.8043838,imbrication,297,PBIK2
,axis,29.9619,-115.8087,imbrication,232,PB8IK,,,,,,,,
,axis,29.9619,-115.8087,imbrication,225,PB8IK,,,,,,,,
,axis,29.9619,-115.8087,imbrication,217,PB8IK,,,,,,,,
,axis,29.9619,-115.8087,imbrication,225,PB8IK,,,,,,,,
,axis,29.9619,-115.8087,imbrication,206,PB8IK,,,,,,,,
,axis,29.9619,-115.8087,imbrication,221,PB8IK,,,,,,,,
,axis,29.9619,-115.8087,imbrication,259,PB8IK,,,,,,,,
,axis,29.9619,-115.8087,imbrication,201,PB8IK,,,,,,,,
,axis,29.9619,-115.8087,imbrication,254,PB8IK,,,,,,,,
,axis,29.9619,-115.8087,imbrication,182,PB8IK,,,,,,,,
,axis,29.9619,-115.8087,imbrication,263,PB8IK,,,,,,,,
,axis,29.9619,-115.8087,imbrication,248,PB8IK,,,,,,,,
,axis,29.9619,-115.8087,imbrication,233,PB8IK,,,,,,,,
,axis,29.9619,-115.8087,imbrication,267,PB8IK,,,,,,,,
,axis,29.9619,-115.8087,imbrication,240,PB8IK,,,,,,,,
,axis,29.9619,-115.8087,imbrication,218,PB8IK,,,,,,,,
,axis,29.9619,-115.8087,imbrication,232,PB8IK,,,,,,,,
,axis,29.9619,-115.8087,imbrication,256,PB8IK,,,,,,,,
,axis,29.9619,-115.8087,imbrication,239,PB8IK,,,,,,,,
,axis,29.9619,-115.8087,imbrication,233,PB8IK,,,,,,,,
,axis,29.9619,-115.8087,imbrication,188,PB8IK,,,axis,29.9619,-115.8087,imbrication,271,PB8IK
,axis,29.9619,-115.8087,imbrication,172,PB8IK,,,,,,,,
,axis,29.9619,-115.8087,imbrication,245,PB8IK,,,axis,29.9619,-115.8087,imbrication,299,PB8IK
,axis,29.9619,-115.8087,imbrication,250,PB8IK,,,axis,29.9619,-115.8087,imbrication,270,PB8IK
,axis,29.9619,-115.8087,imbrication,200,PB8IK,,,,,,,,
,axis,29.9619,-115.8087,imbrication,223,PB8IK,,,,,,,,
,axis,29.9619,-115.8087,imbrication,208,PB8IK,,,,,,,,
,axis,29.9619,-115.8087,imbrication,188,PB8IK,,,,,,,,
,axis,29.9619,-115.8087,imbrication,254,PB8IK,,,,,,,,
,axis,29.9619,-115.8087,imbrication,243,PB8IK,,,,,,,,
,axis,29.9782,-115.801,imbrication,247,PB-upper,,,,,,,,
,axis,29.9782,-115.801,imbrication,219,PB-upper,,,,,,,,
,axis,29.9782,-115.801,imbrication,211,PB-upper,,,,,,,,
,axis,29.9782,-115.801,imbrication,195,PB-upper,,,axis,29.9619,-115.8087,imbrication,298,PB8IK
,axis,29.9782,-115.801,imbrication,189,PB-upper,,,,,,,,
,axis,29.9782,-115.801,imbrication,259,PB-upper,,,,,,,,
,axis,29.9782,-115.801,imbrication,207,PB-upper,,,,,,,,
,axis,29.9782,-115.801,imbrication,201,PB-upper,,,,,,,,
,axis,29.9782,-115.801,imbrication,190,PB-upper,,,,,,,,
,axis,29.9782,-115.801,imbrication,218,PB-upper,,,,,,,,
,axis,29.9782,-115.801,imbrication,243,PB-upper,,,,,,,,
,axis,29.9782,-115.801,imbrication,242,PB-upper,,,,,,,,
,axis,29.9782,-115.801,imbrication,236,PB-upper,,,,,,,,
,axis,29.9782,-115.801,imbrication,202,PB-upper,,,,,,,,
,axis,29.9782,-115.801,imbrication,207,PB-upper,,,,,,,,
,axis,29.9782,-115.801,imbrication,212,PB-upper,,,axis,29.9782,-115.801,imbrication,271,PB-upper
,axis,29.9782,-115.801,imbrication,235,PB-upper,,,,,,,,
,axis,29.9782,-115.801,imbrication,265,PB-upper,,,,,,,,
,axis,29.9782,-115.801,imbrication,263,PB-upper,,,,,,,,
,axis,29.9782,-115.801,imbrication,235,PB-upper,,,,,,,,
,axis,29.9782,-115.801,imbrication,258,PB-upper,,,,,,,,
,axis,29.9782,-115.801,imbrication,257,PB-upper,,,,,,,,
,axis,29.9782,-115.801,imbrication,246,PB-upper,,,,,,,,
,axis,29.9782,-115.801,imbrication,227,PB-upper,,,,,,,,
,axis,29.9782,-115.801,imbrication,264,PB-upper,,,,,,,,
,axis,29.9782,-115.801,imbrication,253,PB-upper,,,,,,,,
,axis,29.973666,-115.80433,imbrication,187,PB-EMO_sectionBase,,,,,,,,
,axis,29.973666,-115.80433,imbrication,162,PB-EMO_sectionBase,,,,,,,,
,axis,29.973666,-115.80433,imbrication,207,PB-EMO_sectionBase,,,,,,,,
,axis,29.973666,-115.80433,imbrication,219,PB-EMO_sectionBase,,,,,,,,
,axis,29.973666,-115.80433,imbrication,188,PB-EMO_sectionBase,,,,,,,,
,axis,29.973666,-115.80433,imbrication,161,PB-EMO_sectionBase,,,,,,,,
,axis,29.973666,-115.80433,imbrication,242,PB-EMO_sectionBase,,,,,,,,
,axis,29.973666,-115.80433,imbrication,209,PB-EMO_sectionBase,,,,,,,,
,axis,29.973666,-115.80433,imbrication,225,PB-EMO_sectionBase,,,,,,,,
,axis,29.973666,-115.80433,imbrication,197,PB-EMO_sectionBase,,,,,,,,
,axis,29.973666,-115.80433,imbrication,175,PB-EMO_sectionBase,,,axis,29.9782,-115.801,imbrication,280,PB-upper
,axis,29.973666,-115.80433,imbrication,239,PB-EMO_sectionBase,,,,,,,,
,axis,29.973666,-115.80433,imbrication,221,PB-EMO_sectionBase,,,axis,29.9782,-115.801,imbrication,274,PB-upper
,axis,29.973666,-115.80433,imbrication,190,PB-EMO_sectionBase,,,,,,,,
,axis,29.973666,-115.80433,imbrication,198,PB-EMO_sectionBase,,,,,,,,
,axis,29.973666,-115.80433,imbrication,159,PB-EMO_sectionBase,,,axis,29.9782,-115.801,imbrication,270,PB-upper
,axis,29.973666,-115.80433,imbrication,197,PB-EMO_sectionBase,,,axis,29.9782,-115.801,imbrication,276,PB-upper
,axis,29.973666,-115.80433,imbrication,183,PB-EMO_sectionBase,,,,,,,,
,axis,29.973666,-115.80433,imbrication,233,PB-EMO_sectionBase,,,,,,,,
,axis,29.973666,-115.80433,imbrication,182,PB-EMO_sectionBase,,,,,,,,
,axis,29.973666,-115.80433,imbrication,226,PB-EMO_sectionBase,,,,,,,,
,axis,29.973666,-115.80433,imbrication,223,PB-EMO_sectionBase,,,,,,,,
,axis,29.973666,-115.80433,imbrication,163,PB-EMO_sectionBase,,,,,,,,
,axis,29.973666,-115.80433,imbrication,233,PB-EMO_sectionBase,,,,,,,,
,axis,29.973666,-115.80433,imbrication,225,PB-EMO_sectionBase,,,,,,,,
,axis,29.973666,-115.80433,imbrication,205,PB-EMO_sectionBase,,,,,,,,
,axis,29.973666,-115.80433,imbrication,236,PB-EMO_sectionBase,,,,,,,,
,axis,29.973666,-115.80433,imbrication,232,PB-EMO_sectionBase,,,axis,29.973666,-115.80433,imbrication,102,PB-EMO_sectionBase
,axis,,,imbrication,258,Clino,,,axis,29.973666,-115.80433,imbrication,133,PB-EMO_sectionBase
,axis,,,imbrication,206,Clino,,,,,,,,
,axis,,,imbrication,240,Clino,,,,,,,,
,axis,,,imbrication,245,Clino,,,,,,,,
,axis,,,imbrication,228,Clino,,,,,,,,
,axis,,,imbrication,264,Clino,,,,,,,,
,axis,,,imbrication,241,Clino,,,,,,,,
,axis,,,imbrication,182,Clino,,,,,,,,
,axis,,,imbrication,256,Clino,,,,,,,,
,axis,,,imbrication,219,Clino,,,,,,,,
,axis,,,imbrication,202,Clino,,,,,,,,
,axis,,,imbrication,254,Clino,,,,,,,,
,axis,,,imbrication,210,Clino,,,,,,,,
,axis,,,imbrication,231,Clino,,,,,,,,
,axis,,,imbrication,240,Clino,,,,,,,,
,axis,,,imbrication,196,Clino,,,,,,,,
,axis,,,imbrication,225,Clino,,,,,,,,
,axis,,,imbrication,232,Clino,,,,,,,,
,axis,,,imbrication,288,Clino,,,,,,,,
,axis,,,imbrication,202,Clino,,,,,,,,
,axis,,,imbrication,164,Clino,,,,,,,,
,axis,,,imbrication,159,Clino,,,,,,,,
,axis,,,imbrication,194,Clino,,,,,,,,
,axis,,,imbrication,247,Clino,,,,,,,,
,axis,,,imbrication,238,Clino,,,,,,,,
,axis,,,imbrication,244,Clino,,,,,,,,
,axis,,,imbrication,261,Clino,,,,,,,,
,axis,29.978333,-115.8025,imbrication,182,PB_Long_North 2.5,,,,,,,,
,axis,29.978333,-115.8025,imbrication,168,PB_Long_North 2.5,,,,,,,,
,axis,29.978333,-115.8025,imbrication,172,PB_Long_North 2.5,,,,,,,,
,axis,29.978333,-115.8025,imbrication,155,PB_Long_North 2.5,,,,,,,,
,axis,29.978333,-115.8025,imbrication,184,PB_Long_North 2.5,,,,,,,,
,axis,29.973056,-115.803889,imbrication,248,PB_Chaotic 1,,,,,,,,
,axis,29.973056,-115.803889,imbrication,228,PB_Chaotic 1,,,,,,,,
,axis,29.973056,-115.803889,imbrication,260,PB_Chaotic 1,,,axis,29.9782,-115.801,imbrication,301,PB-upper
,axis,29.973056,-115.803889,imbrication,201,PB_Chaotic 1,,,,,,,,
,axis,29.973056,-115.803889,imbrication,224,PB_Chaotic 1,,,,,,,,
,axis,29.973056,-115.803889,imbrication,225,PB_Chaotic 1,,,,,,,,
,axis,29.973056,-115.803889,imbrication,199,PB_Chaotic 1,,,,,,,,
,axis,29.973056,-115.803889,imbrication,183,PB_Chaotic 1,,,,,,,,
,axis,29.973056,-115.803889,imbrication,204,PB_Chaotic 1,,,,,,,,
,axis,29.973056,-115.803889,imbrication,260,PB_Chaotic 1,,,axis,29.978333,-115.8025,imbrication,324,PB_Long_North 2.5
,axis,29.9745,-115.8046,imbrication,238,PB6IK,,,,,,,,
,axis,29.9745,-115.8046,imbrication,244,PB6IK,,,,,,,,
,axis,29.9745,-115.8046,imbrication,289,PB6IK,,,,,,,,
,axis,29.9745,-115.8046,imbrication,207,PB6IK,,,,,,,,
,axis,29.9745,-115.8046,imbrication,256,PB6IK,,,,,,,,
,axis,29.9745,-115.8046,imbrication,251,PB6IK,,,,,,,,
,axis,29.9745,-115.8046,imbrication,199,PB6IK,,,,,,,,
,axis,29.9745,-115.8046,imbrication,150,PB6IK,,,,,,,,
,axis,29.9745,-115.8046,imbrication,242,PB6IK,,,,,,,,
,axis,29.9745,-115.8046,imbrication,231,PB6IK,,,,,,,,
,axis,29.9745,-115.8046,imbrication,207,PB6IK,,,,,,,,
,axis,29.9745,-115.8046,imbrication,254,PB6IK,,,,,,,,
,axis,29.9745,-115.8046,imbrication,198,PB6IK,,,,,,,,
,axis,29.9745,-115.8046,imbrication,208,PB6IK,,,,,,,,
,axis,29.9745,-115.8046,imbrication,257,PB6IK,,,,,,,,
,axis,29.9745,-115.8046,imbrication,271,PB6IK,,,,,,,,
,axis,29.9745,-115.8046,imbrication,241,PB6IK,,,,,,,,
,axis,29.9745,-115.8046,imbrication,171,PB6IK,,,,,,,,
,axis,29.977617,-115.802628,ripples,242,PB_A_Amphitheater long,,,,,,,,
,axis,29.977617,-115.802628,ripples,212,PB_A_Amphitheater long,,,,,,,,
,axis,29.977617,-115.802628,ripples,204,PB_A_Amphitheater long,,,,,,,,
,axis,29.977617,-115.802628,ripples,198,PB_A_Amphitheater long,,,,,,,,
,axis,29.977617,-115.802628,ripples,198,PB_A_Amphitheater long_east sidetrack,,,,,,,,
,axis,29.970556,-115.804722,ripples,223,PB_M_XLong_01,,,,,,,,
,axis,,,ripples,223,Clino,,,,,,,,
,axis,,,ripples,197,Clino,,,,,,,,
,axis,,,ripples,172,Clino,,,,,,,,
,axis,,,ripples,219,Clino,,,,,,,,
,axis,,,ripples,189,Clino,,,,,,,,
,axis,,,ripples,269,Clino,,,,,,,,
,axis,,,ripples,209,Clino,,,axis,29.9745,-115.8046,imbrication,279,PB6IK
,axis,29.973056,-115.803889,ripples,226,PB_Chaotic 1,,,axis,29.9745,-115.8046,imbrication,295,PB6IK
,axis,29.973056,-115.803889,ripples,233,PB_Chaotic 1,,,axis,29.9745,-115.8046,imbrication,291,PB6IK
,axis,29.973056,-115.803889,ripples,255,PB_Chaotic 1,,,axis,29.9745,-115.8046,imbrication,308,PB6IK
,axis,29.973056,-115.803889,ripples,230,PB_Chaotic 1,,,axis,29.9745,-115.8046,imbrication,292,PB6IK
,axis,29.973056,-115.803889,ripples,248,PB_Chaotic 1,,,axis,29.9745,-115.8046,imbrication,279,PB6IK
,axis,29.973056,-115.803889,ripples,222,PB_Chaotic 1,,,axis,29.9745,-115.8046,imbrication,332,PB6IK
,axis,29.973056,-115.803889,ripples,218,PB_Chaotic 1,,,axis,29.9745,-115.8046,imbrication,298,PB6IK
,axis,29.973056,-115.803889,ripples,190,PB_Chaotic 1,,,axis,29.9745,-115.8046,imbrication,300,PB6IK
,axis,29.973056,-115.803889,ripples,211,PB_Chaotic 1,,,axis,29.9745,-115.8046,imbrication,307,PB6IK
,axis,29.973056,-115.803889,ripples,196,PB_Chaotic 1,,,axis,29.9745,-115.8046,imbrication,309,PB6IK
,axis,29.973056,-115.803889,ripples,195,PB_Chaotic 1,,,,,,,,
,axis,29.973056,-115.803889,ripples,178,PB_Chaotic 1,,,,,,,,
,axis,29.973056,-115.803889,ripples,205,PB_Chaotic 1,,,,,,,,
,axis,29.973056,-115.803889,ripples,224,PB_Chaotic 1,,,,,,,,
,axis,29.9745,-115.8046,imbrication,195,PB6IK,,,,,,,,
,margin,29.97328,-115.801906,ripples,206,PB_A_ACM1,,,,,,,,
,margin,29.97328,-115.801906,ripples,158,PB_A_ACM1,,,,,,,,
,margin,29.97328,-115.801906,ripples,218,PB_A_ACM2,,,,,,,,
,margin,29.97328,-115.801906,ripples,224,PB_A_ACM2,,,,,,,,
,margin,29.97328,-115.801906,ripples,220,PB_A_ACM2,,,,,,,,
,margin,29.977778,-115.801944,ripples,261,PB_A_Amphi_11,,,,,,,,
,margin,29.977778,-115.801944,ripples,210,PB_A_Amphi_11,,,,,,,,
,margin,29.977778,-115.801944,ripples,225,PB_A_Amphi_11,,,,,,,,
,margin,29.977778,-115.801944,ripples,195,PB_A_Amphi_11,,,,,,,,
,margin,29.977778,-115.801944,ripples,281,PB_A_Amphi_01,,,,,,,,
,margin,29.977778,-115.801944,ripples,206,PB_A_Amphi_01,,,,,,,,
,margin,29.977778,-115.801944,ripples,219,PB_A_Amphi_01,,,,,,,,
,margin,29.977778,-115.801944,ripples,225,PB_A_Amphi_01,,,,,,,,
,margin,29.977778,-115.801944,imbrication,251,PB_A_Amphi_01,,,,,,,,
,margin,29.978333,-115.8025,ripples,220,PB_Long_North 2,,,,,,,,
,margin,29.978333,-115.8025,ripples,204,PB_Long_North 2,,,,,,,,
,margin,29.978333,-115.8025,ripples,235,PB_Long_North 2,,,,,,,,
,margin,29.978333,-115.8025,ripples,206,PB_Long_North 2,,,,,,,,
,margin,29.978333,-115.8025,ripples,231,PB_Long_North 2,,,,,,,,
,margin,29.978333,-115.8025,ripples,202,PB_Long_North 2,,,,,,,,
,margin,29.978333,-115.8025,ripples,188,PB_Long_North 2,,,,,,,,
,margin,29.978333,-115.8025,ripples,195,PB_Long_North 2,,,,,,,,
,margin,29.978333,-115.8025,ripples,212,PB_Long_North 2,,,,,,,,
,margin,29.978333,-115.8025,ripples,196,PB_Long_North 2,,,,,,,,
,margin,29.978333,-115.8025,ripples,180,PB_Long_North 2,,,,,,,,
,margin,29.978333,-115.8025,ripples,150,PB_Long_North 2,,,,,,,,
,margin,29.978333,-115.8025,ripples,184,PB_Long_North 2,,,,,,,,
,margin,29.978333,-115.8025,ripples,186,PB_Long_North 2,,,,,,,,
,margin,29.978333,-115.8025,ripples,169,PB_Long_North 2,,,,,,,,
,margin,29.978333,-115.8025,ripples,176,PB_Long_North 2,,,,,,,,
,margin,29.978333,-115.8025,ripples,194,PB_Long_North 2,,,,,,,,
,margin,29.978333,-115.8025,ripples,213,PB_Long_North 2,,,,,,,,
,margin,29.978333,-115.8025,ripples,198,PB_Long_North 2,,,,,,,,
,margin,29.978333,-115.8025,ripples,166,PB_Long_North 2,,,,,,,,
,margin,29.978333,-115.8025,ripples,179,PB_Long_North 2,,,,,,,,
,margin,29.978333,-115.8025,ripples,224,PB_Long_North 2,,,,,,,,
,margin,29.978333,-115.8025,ripples,230,PB_Long_North 2,,,,,,,,
,margin,29.978333,-115.8025,ripples,196,PB_Long_North 2,,,,,,,,
,margin,29.978333,-115.8025,ripples,195,PB_Long_North 2,,,,,,,,
,margin,29.978333,-115.8025,ripples,180,PB_Long_North 2,,,,,,,,
,margin,29.978333,-115.8025,ripples,229,PB_Long_North 2,,,,,,,,
,margin,29.978333,-115.8025,ripples,214,PB_Long_North 2,,,,,,,,
,margin,29.978333,-115.8025,ripples,188,PB_Long_North 2,,,,,,,,
,margin,29.978333,-115.8025,ripples,175,PB_Long_North 2,,,,,,,,
,margin,29.978333,-115.8025,ripples,189,PB_Long_North 2,,,,,,,,
,margin,29.978333,-115.8025,ripples,92,PB_Long_North 2,,,,,,,,
,margin,29.963574,-115.80189,flutes,225,PB-EO1,,,,,,,,
,margin,29.963574,-115.80189,flutes,192,PB-EO1,,,,,,,,
,margin,29.963574,-115.80189,flutes,195,PB-EO1,,,,,,,,
,margin,29.963574,-115.80189,imbrication,216,PB-EO1,,,,,,,,
,margin,29.963574,-115.80189,imbrication,269,PB-EO1,,,,,,,,
,margin,29.963574,-115.80189,imbrication,272,PB-EO1,,,,,,,,
,margin,29.963574,-115.80189,imbrication,206,PB-EO1,,,,,,,,
,margin,29.963574,-115.80189,imbrication,253,PB-EO1,,,,,,,,
,margin,29.963574,-115.80189,imbrication,291,PB-EO1,,,,,,,,
,margin,29.963574,-115.80189,imbrication,260,PB-EO1,,,,,,,,
,margin,29.963574,-115.80189,imbrication,232,PB-EO1,,,,,,,,
,margin,29.963574,-115.80189,imbrication,217,PB-EO1,,,,,,,,
,margin,29.963574,-115.80189,imbrication,243,PB-EO1,,,,,,,,
,margin,29.963574,-115.80189,imbrication,223,PB-EO1,,,,,,,,
,margin,29.963574,-115.80189,imbrication,232,PB-EO1,,,,,,,,
,margin,29.963574,-115.80189,imbrication,209,PB-EO1,,,,,,,,
,margin,29.963574,-115.80189,imbrication,245,PB-EO1,,,,,,,,
,margin,29.963574,-115.80189,imbrication,188,PB-EO1,,,,,,,,
,margin,29.963574,-115.80189,imbrication,233,PB-EO1,,,,,,,,
,margin,29.963574,-115.80189,imbrication,252,PB-EO1,,,,,,,,
,margin,29.963574,-115.80189,imbrication,177,PB-EO1,,,,,,,,
,margin,29.963574,-115.80189,imbrication,203,PB-EO1,,,,,,,,
,margin,29.963574,-115.80189,imbrication,137,PB-EO1,,,,,,,,
,margin,29.963574,-115.80189,imbrication,233,PB-EO1,,,,,,,,
,margin,29.963574,-115.80189,imbrication,282,PB-EO1,,,,,,,,
,margin,29.963574,-115.80189,imbrication,209,PB-EO1,,,,,,,,
,margin,29.963574,-115.80189,imbrication,228,PB-EO1,,,,,,,,
,margin,29.963574,-115.80189,imbrication,205,PB-EO1,,,,,,,,
,margin,29.963574,-115.80189,imbrication,140,PB-EO1,,,,,,,,
,margin,29.963574,-115.80189,imbrication,197,PB-EO1,,,,,,,,
,margin,29.963574,-115.80189,imbrication,217,PB-EO1,,,,,,,,
,margin,29.963574,-115.80189,imbrication,227,PB-EO1,,,,,,,,
,margin,29.963574,-115.80189,imbrication,193,PB-EO1,,,,,,,,
,margin,29.9712225,-115.8030277,ripples,158,miquel,,,,,,,,
,margin,29.9712225,-115.8030277,ripples,272,miquel,,,,,,,,
,margin,29.9712225,-115.8030277,ripples,284,miquel,,,,,,,,
,margin,29.9712225,-115.8030277,ripples,120,miquel,,,,,,,,
,margin,29.9712225,-115.8030277,ripples,300,miquel,,,,,,,,
,margin,29.9712225,-115.8030277,ripples,120,miquel,,,,,,,,
,margin,29.9712225,-115.8030277,ripples,126,miquel,,,,,,,,
,margin,29.9712225,-115.8030277,ripples,129,miquel,,,,,,,,
,margin,29.9712225,-115.8030277,ripples,282,miquel,,,,,,,,
,margin,29.9712225,-115.8030277,ripples,299,miquel,,,,,,,,
,margin,29.9712225,-115.8030277,ripples,149,miquel,,,,,,,,
,margin,29.9712225,-115.8030277,ripples,172,miquel,,,,,,,,
,margin,29.9712225,-115.8030277,ripples,172,miquel,,,,,,,,
,margin,29.9712225,-115.8030277,ripples,128,miquel,,,,,,,,
,margin,29.9712225,-115.8030277,ripples,158,miquel,,,,,,,,
,margin,29.973261,-115.801913,ripples,130,william-taylor,,,,,,,,
,margin,29.971079,-115.80275,ripples,178,william-taylor,,,,,,,,
,margin,29.971014,-115.802754,ripples,172,william-taylor,,,,,,,,
,margin,29.971071,-115.802851,ripples,186,william-taylor,,,,,,,,
,margin,29.970679,-115.803252,ripples,192,william-taylor,,,,,,,,
,margin,29.970714,-115.803274,ripples,207,william-taylor,,,,,,,,
,margin,29.970297,-115.803373,ripples,250,william-taylor,,,,,,,,
,margin,29.969644,-115.80341,ripples,148,william-taylor,,,,,,,,
,margin,29.970375,-115.803461,grooves,168,william-taylor,,,,,,,,
,margin,29.970375,-115.803461,grooves,348,william-taylor,,,,,,,,
,margin,29.970613,-115.80373,grooves,168,william-taylor,,,,,,,,
,margin,29.970613,-115.80373,grooves,348,william-taylor,,,,,,,,
,margin,29.977613,-115.802604,ripples,260,william-taylor,,,,,,,,
,margin,29.97761,-115.802605,imbrication,242,william-taylor,,,,,,,,
,margin,29.977615,-115.802614,ripples,242,william-taylor,,,,,,,,
,margin,29.97761,-115.802529,ripples,212,william-taylor,,,,,,,,
,margin,29.977604,-115.802523,ripples,204,william-taylor,,,,,,,,
,margin,29.977678,-115.802402,imbrication,262,william-taylor,,,,,,,,
,margin,29.977675,-115.802404,imbrication,235,william-taylor,,,,,,,,
,margin,29.977677,-115.802452,imbrication,242,william-taylor,,,,,,,,
,margin,29.977691,-115.802451,imbrication,222,william-taylor,,,,,,,,
,margin,29.977893,-115.802254,imbrication,228,william-taylor,,,,,,,,
,margin,29.977885,-115.802264,imbrication,206,william-taylor,,,,,,,,
,margin,29.977917,-115.802269,imbrication,216,william-taylor,,,,,,,,
,margin,29.977905,-115.802252,imbrication,245,william-taylor,,,,,,,,
,margin,29.977886,-115.802269,imbrication,231,william-taylor,,,,,,,,
,margin,29.977917,-115.802177,ripples,198,william-taylor,,,,,,,,
,margin,29.977889,-115.80212,ripples,230,william-taylor,,,,,,,,
,margin,29.977346,-115.802108,imbrication,210,william-taylor,,,,,,,,
,margin,29.977085,-115.801715,imbrication,208,william-taylor,,,,,,,,
,margin,29.977137,-115.801721,imbrication,212,william-taylor,,,,,,,,
,margin,29.97714,-115.801715,imbrication,220,william-taylor,,,,,,,,
,margin,29.977179,-115.801708,ripples,198,william-taylor,,,,,,,,
,margin,29.97302,-115.801788,ripples,206,william-taylor,,,,,,,,
,margin,29.973046,-115.801813,ripples,158,william-taylor,,,,,,,,
,margin,29.97328,-115.801833,ripples,218,william-taylor,,,,,,,,
,margin,29.973277,-115.801833,ripples,220,william-taylor,,,,,,,,
,margin,29.973278,-115.801826,ripples,224,william-taylor,,,,,,,,
,margin,29.973517,-115.801736,ripples,220,william-taylor,,,,,,,,
,overbank,29.96,-115.8,ripples,170,PBO4,,,,,,,,
,overbank,29.96,-115.8,ripples,200,PBO4,,,,,,,,
,overbank,29.96,-115.8,ripples,250,PBO4,,,,,,,,
,overbank,29.96,-115.8,ripples,190,PBO4,,,,,,,,
,overbank,29.96,-115.8,ripples,180,PBO4,,,,,,,,
,overbank,29.96,-115.8,ripples,280,PBO4,,,,,,,,
,overbank,29.96,-115.8,ripples,246,PBO4,,,,,,,,
,overbank,29.96,-115.8,ripples,180,PBO4,,,,,,,,
,overbank,29.96,-115.8,ripples,192,PBO4,,,,,,,,
,overbank,29.96,-115.8,ripples,162,PBO4,,,,,,,,
,overbank,29.9631565,-115.8032965,ripples,140,PBO5,,,,,,,,
,overbank,29.9631565,-115.8032965,ripples,152,PBO5,,,,,,,,
,overbank,29.9631565,-115.8032965,ripples,148,PBO5,,,,,,,,
,overbank,29.9631565,-115.8032965,ripples,100,PBO5,,,,,,,,
,overbank,29.9631565,-115.8032965,ripples,179,PBO5,,,,,,,,
,overbank,29.9631565,-115.8032965,ripples,258,PBO5,,,,,,,,
,overbank,29.9631565,-115.8032965,ripples,254,PBO5,,,,,,,,
,overbank,29.9631565,-115.8032965,ripples,178,PBO5,,,,,,,,
,overbank,29.9631565,-115.8032965,ripples,230,PBO5,,,,,,,,
,overbank,29.9631565,-115.8032965,ripples,238,PBO5,,,,,,,,
,overbank,29.9631565,-115.8032965,ripples,158,PBO5,,,,,,,,
,overbank,29.9631565,-115.8032965,ripples,152,PBO5,,,,,,,,
,overbank,29.9631565,-115.8032965,ripples,200,PBO5,,,,,,,,
,overbank,29.9631565,-115.8032965,ripples,174,PBO5,,,,,,,,
,overbank,29.9631565,-115.8032965,ripples,185,PBO5,,,,,,,,
,overbank,29.9631565,-115.8032965,ripples,212,PBO5,,,,,,,,
,overbank,29.9631565,-115.8032965,ripples,210,PBO5,,,,,,,,
,overbank,29.9631565,-115.8032965,ripples,216,PBO5,,,,,,,,
,overbank,29.9631565,-115.8032965,ripples,152,PBO5,,,,,,,,
,overbank,29.9631565,-115.8032965,ripples,220,PBO5,,,,,,,,
,overbank,29.9631565,-115.8032965,ripples,280,PBO5,,,,,,,,
,overbank,29.9631565,-115.8032965,ripples,228,PBO5,,,,,,,,
,overbank,29.9631565,-115.8032965,ripples,240,PBO5,,,,,,,,
,overbank,29.9631565,-115.8032965,ripples,150,PBO5,,,,,,,,
,overbank,29.9631565,-115.8032965,ripples,242,PBO5,,,,,,,,
,overbank,29.9631565,-115.8032965,ripples,288,PBO5,,,,,,,,
,overbank,29.9631565,-115.8032965,ripples,278,PBO5,,,,,,,,
,overbank,29.9631565,-115.8032965,ripples,290,PBO5,,,,,,,,
,overbank,29.9631565,-115.8032965,ripples,250,PBO5,,,,,,,,
,overbank,29.9631565,-115.8032965,ripples,228,PBO5,,,,,,,,
,overbank,29.9631565,-115.8032965,ripples,250,PBO5,,,,,,,,
,overbank,29.9631565,-115.8032965,ripples,300,PBO5,,,,,,,,
,overbank,29.9631565,-115.8032965,ripples,172,PBO5,,,,,,,,
,overbank,29.9631565,-115.8032965,ripples,44,PBO5,,,,,,,,
,overbank,29.9631565,-115.8032965,ripples,120,PBO5,,,,,,,,
,overbank,29.9631565,-115.8032965,ripples,138,PBO5,,,,,,,,
,overbank,29.9631565,-115.8032965,ripples,144,PBO5,,,,,,,,
,overbank,29.9631565,-115.8032965,ripples,172,PBO5,,,,,,,,
,overbank,29.9631565,-115.8032965,ripples,190,PBO5,,,,,,,,
,overbank,29.9631565,-115.8032965,ripples,198,PBO5,,,,,,,,
,overbank,29.9685309,-115.803057,ripples,200,PBO6,,,,,,,,
,overbank,29.9685309,-115.803057,ripples,210,PBO6,,,,,,,,
,overbank,29.9685309,-115.803057,ripples,180,PBO6,,,,,,,,
,overbank,29.9685309,-115.803057,ripples,190,PBO6,,,,,,,,
,overbank,29.9685309,-115.803057,ripples,210,PBO6a,,,,,,,,
,overbank,29.9685309,-115.803057,ripples,190,PBO6a,,,,,,,,
,overbank,29.9685309,-115.803057,ripples,230,PBO6a,,,,,,,,
,overbank,29.9685309,-115.803057,ripples,156,PBO6a,,,,,,,,
,overbank,29.9676753,-115.8032836,ripples,224,PBO6b,,,,,,,,
,overbank,,,ripples,172,2A,,,,,,,,
,overbank,,,ripples,186,2A,,,,,,,,
,overbank,,,ripples,140,2B,,,,,,,,
,overbank,,,ripples,162,2C,,,,,,,,
,overbank,29.9747972,-115.80456,ripples,153,PB5IK,,,,,,,,
,overbank,29.9747972,-115.80456,ripples,148,PB5IK,,,,,,,,
,overbank,29.9747972,-115.80456,ripples,132,PB5IK,,,,,,,,
,overbank,29.9747972,-115.80456,ripples,147,PB5IK,,,,,,,,
,overbank,29.9747972,-115.80456,ripples,132,PB5IK,,,,,,,,
,overbank,29.9747972,-115.80456,ripples,165,PB5IK,,,,,,,,
,overbank,29.9747972,-115.80456,ripples,132,PB5IK,,,,,,,,
,overbank,29.9747972,-115.80456,ripples,139,PB5IK,,,,,,,,
,overbank,29.9747972,-115.80456,ripples,143,PB5IK,,,,,,,,
,overbank,29.9747972,-115.80456,ripples,153,PB5IK,,,,,,,,
,overbank,29.967867,-115.805333,ripples,226,PB_OOA_01,,,,,,,,
,overbank,29.967867,-115.805333,ripples,200,PB_OOA_01,,,,,,,,
,overbank,29.967867,-115.805333,ripples,172,PB_OOA_01,,,,,,,,
,overbank,29.967867,-115.805333,ripples,205,PB_OOA_01,,,,,,,,
,overbank,29.967867,-115.805333,ripples,179,PB_OOA_01,,,,,,,,
,overbank,29.967867,-115.805333,ripples,204,PB_OOA_01,,,,,,,,
,overbank,29.967867,-115.805333,ripples,93,PB_OOA_01,,,,,,,,
,overbank,29.967867,-115.805333,ripples,169,PB_OOA_01,,,,,,,,
,overbank,29.971029,-115.802288,ripples,224,william-taylor,,,,,,,,
,overbank,29.970236,-115.803159,ripples,206,william-taylor,,,,,,,,
,overbank,29.970225,-115.803114,ripples,195,william-taylor,,,,,,,,
,overbank,29.969295,-115.803091,ripples,112,william-taylor,,,,,,,,
,overbank,29.969276,-115.802991,ripples,114,william-taylor,,,,,,,,
,overbank,29.969296,-115.803046,ripples,124,william-taylor,,,,,,,,
,overbank,29.969607,-115.801591,ripples,286,william-taylor,,,,,,,,
,overbank,29.969867,-115.802231,ripples,38,william-taylor,,,,,,,,
,overbank,29.969832,-115.802721,ripples,229,william-taylor,,,,,,,,
,overbank,29.969826,-115.802672,ripples,246,william-taylor,,,,,,,,
,overbank,29.970208,-115.802986,ripples,160,william-taylor,,,,,,,,
,overbank,29.970278,-115.802976,ripples,258,william-taylor,,,,,,,,
,overbank,29.970247,-115.80296,ripples,252,william-taylor,,,,,,,,
,overbank,29.970303,-115.802961,ripples,220,william-taylor,,,,,,,,
,overbank,29.970451,-115.802785,ripples,224,william-taylor,,,,,,,,
,overbank,29.97044,-115.802826,ripples,180,william-taylor,,,,,,,,
,overbank,29.970446,-115.802821,ripples,154,william-taylor,,,,,,,,
,overbank,29.97061,-115.802938,ripples,164,william-taylor,,,,,,,,
,overbank,29.96469,-115.803627,ripples,184,william-taylor,,,,,,,,
,overbank,29.964564,-115.803236,ripples,182,william-taylor,,,,,,,,
,overbank,29.964504,-115.80326,ripples,148,william-taylor,,,,,,,,
,overbank,29.964437,-115.803644,ripples,132,william-taylor,,,,,,,,
,overbank,29.964483,-115.804371,ripples,160,william-taylor,,,,,,,,
,overbank,29.963071,-115.803675,ripples,129,william-taylor,,,,,,,,
,overbank,29.96177,-115.80437,ripples,148,william-taylor,,,,,,,,
,overbank,29.961802,-115.804193,ripples,152,william-taylor,,,,,,,,
,overbank,29.961763,-115.80419,ripples,140,william-taylor,,,,,,,,
,overbank,29.96981,-115.802717,ripples,46,william-taylor,,,,,,,,
,overbank,29.969863,-115.802637,grooves,200,william-taylor,,,,,,,,
,overbank,29.969863,-115.802637,grooves,20,william-taylor,,,,,,,,
,overbank,29.967591,-115.805117,ripples,222,william-taylor,,,,,,,,
,overbank,29.967551,-115.805186,ripples,230,william-taylor,,,,,,,,
,overbank,29.967643,-115.805259,ripples,280,william-taylor,,,,,,,,
,overbank,29.967608,-115.805247,ripples,252,william-taylor,,,,,,,,
,overbank,29.967688,-115.805134,ripples,224,william-taylor,,,,,,,,
,overbank,<Null>,<Null>,ripples,195,william-taylor,,,,,,,,
,overbank,29.967558,-115.8051,ripples,138,william-taylor,,,,,,,,
,overbank,29.967578,-115.80502,ripples,128,william-taylor,,,,,,,,
,overbank,29.967556,-115.805012,ripples,158,william-taylor,,,,,,,,
,overbank,29.962288,-115.804184,imbrication,194,william-taylor,,,,,,,,
,overbank,29.962316,-115.804182,imbrication,210,william-taylor,,,,,,,,
,overbank,29.962353,-115.804222,imbrication,246,william-taylor,,,,,,,,
,overbank,29.962301,-115.804268,imbrication,228,william-taylor,,,,,,,,
,overbank,29.962964,-115.805106,ripples,152,william-taylor,,,,,,,,
,overbank,29.962892,-115.805353,ripples,152,william-taylor,,,,,,,,
,overbank,29.962738,-115.805113,ripples,138,william-taylor,,,,,,,,
,overbank,29.962667,-115.805252,ripples,122,william-taylor,,,,,,,,
,overbank,29.963188,-115.80374,ripples,150,william-taylor,,,,,,,,
,overbank,29.966532,-115.803293,ripples,182,william-taylor,,,,,,,,
,overbank,29.966785,-115.803405,ripples,182,william-taylor,,,,,,,,
,overbank,29.966887,-115.803301,ripples,178,william-taylor,,,,,,,,
,overbank,29.967275,-115.803127,ripples,198,william-taylor,,,,,,,,
,overbank,29.967195,-115.803827,ripples,80,william-taylor,,,,,,,,
,overbank,29.967145,-115.80386,ripples,250,william-taylor,,,,,,,,
,overbank,29.969057,-115.802185,ripples,210,william-taylor,,,,,,,,
,overbank,<Null>,<Null>,ripples,130,william-taylor,,,,,,,,
,overbank,29.967815,-115.803258,ripples,180,william-taylor,,,,,,,,
,overbank,29.967675,-115.803299,ripples,220,william-taylor,,,,,,,,
,overbank,29.967716,-115.803693,ripples,232,william-taylor,,,,,,,,
,overbank,29.967428,-115.804149,ripples,290,william-taylor,,,,,,,,
,overbank,29.964398,-115.804961,ripples,120,william-taylor,,,,,,,,
,overbank,29.964357,-115.805056,ripples,115,william-taylor,,,,,,,,
,overbank,29.964224,-115.804496,ripples,252,william-taylor,,,,,,,,
,overbank,29.964312,-115.804396,ripples,248,william-taylor,,,,,,,,
,overbank,<Null>,<Null>,ripples,170,william-taylor,,,,,,,,
,overbank,29.964108,-115.803834,ripples,172,william-taylor,,,,,,,,
,overbank,29.964306,-115.803833,ripples,150,william-taylor,,,,,,,,
,overbank,29.963984,-115.803285,ripples,140,william-taylor,,,,,,,,
,overbank,29.964089,-115.802971,ripples,168,william-taylor,,,,,,,,
,overbank,29.96497,-115.803422,ripples,212,william-taylor,,,,,,,,
,overbank,29.96481,-115.803562,ripples,174,william-taylor,,,,,,,,
,overbank,29.964544,-115.803197,ripples,200,william-taylor,,,,,,,,
,overbank,29.964483,-115.803248,ripples,120,william-taylor,,,,,,,,
,overbank,29.964363,-115.80301,ripples,240,william-taylor,,,,,,,,
,overbank,29.968046,-115.802713,ripples,270,william-taylor,,,,,,,,
,overbank,29.967974,-115.802722,ripples,148,william-taylor,,,,,,,,
,overbank,29.96811,-115.802951,ripples,268,william-taylor,,,,,,,,
,overbank,29.968135,-115.802983,ripples,140,william-taylor,,,,,,,,
,overbank,29.968704,-115.803024,imbrication,210,william-taylor,,,,,,,,
,overbank,29.968735,-115.803066,imbrication,192,william-taylor,,,,,,,,
,overbank,29.968404,-115.802844,ripples,180,william-taylor,,,,,,,,
,overbank,29.969747,-115.803311,ripples,176,william-taylor,,,,,,,,
,overbank,29.970235,-115.803228,ripples,180,william-taylor,,,,,,,,
,overbank,29.969629,-115.802001,ripples,262,william-taylor,,,,,,,,
,overbank,29.969627,-115.80213,ripples,260,william-taylor,,,,,,,,
,overbank,29.969753,-115.802972,ripples,206,william-taylor,,,,,,,,
,overbank,29.969775,-115.802992,ripples,192,william-taylor,,,,,,,,
,overbank,29.968342,-115.80242,ripples,100,william-taylor,,,,,,,,
,overbank,29.963408,-115.802909,ripples,138,william-taylor,,,,,,,,
,overbank,<Null>,<Null>,ripples,140,william-taylor,,,,,,,,
,overbank,29.963563,-115.80329,ripples,152,william-taylor,,,,,,,,
,overbank,<Null>,<Null>,ripples,148,william-taylor,,,,,,,,
,overbank,<Null>,<Null>,ripples,100,william-taylor,,,,,,,,
,overbank,<Null>,<Null>,ripples,190,william-taylor,,,,,,,,
,overbank,29.963568,-115.803289,ripples,258,william-taylor,,,,,,,,
,overbank,29.963569,-115.803287,ripples,254,william-taylor,,,,,,,,
,overbank,29.963364,-115.802896,ripples,242,william-taylor,,,,,,,,
,overbank,29.9634,-115.802889,ripples,240,william-taylor,,,,,,,,
,overbank,29.963415,-115.802886,ripples,140,william-taylor,,,,,,,,
,overbank,29.963599,-115.802985,ripples,250,william-taylor,,,,,,,,
,overbank,29.963598,-115.802985,ripples,288,william-taylor,,,,,,,,
,overbank,29.963573,-115.802984,ripples,278,william-taylor,,,,,,,,
,overbank,29.963575,-115.802974,ripples,290,william-taylor,,,,,,,,
,overbank,29.963585,-115.802984,ripples,250,william-taylor,,,,,,,,
,overbank,29.963586,-115.80298,ripples,228,william-taylor,,,,,,,,
,overbank,29.963611,-115.802979,ripples,240,william-taylor,,,,,,,,
,overbank,29.96374,-115.803072,ripples,308,william-taylor,,,,,,,,
,overbank,29.963779,-115.802973,ripples,172,william-taylor,,,,,,,,
,overbank,29.963835,-115.802656,ripples,198,william-taylor,,,,,,,,
,overbank,29.963874,-115.802695,ripples,144,william-taylor,,,,,,,,
,overbank,29.963892,-115.802742,ripples,172,william-taylor,,,,,,,,
,overbank,29.963836,-115.802733,ripples,190,william-taylor,,,,,,,,
,overbank,29.964607,-115.802907,ripples,200,william-taylor,,,,,,,,
,overbank,29.963949,-115.803502,ripples,264,william-taylor,,,,,,,,
,overbank,29.963948,-115.803494,ripples,90,william-taylor,,,,,,,,
,overbank,29.964568,-115.803065,ripples,180,william-taylor,,,,,,,,
,overbank,29.964602,-115.802945,ripples,200,william-taylor,,,,,,,,
,overbank,29.964599,-115.802938,ripples,250,william-taylor,,,,,,,,
,overbank,29.96459,-115.802934,ripples,190,william-taylor,,,,,,,,
,overbank,29.964599,-115.80294,ripples,180,william-taylor,,,,,,,,
,overbank,29.964597,-115.802934,ripples,280,william-taylor,,,,,,,,
,overbank,29.964597,-115.802939,ripples,246,william-taylor,,,,,,,,
,overbank,29.964581,-115.802769,ripples,170,william-taylor,,,,,,,,
,overbank,29.964687,-115.802479,ripples,176,william-taylor,,,,,,,,
,overbank,29.964689,-115.802443,ripples,162,william-taylor,,,,,,,,
,overbank,29.964741,-115.802313,ripples,192,william-taylor,,,,,,,,
,overbank,29.968141,-115.803123,ripples,200,william-taylor,,,,,,,,
,overbank,29.96814,-115.803118,ripples,210,william-taylor,,,,,,,,
,overbank,29.968135,-115.803112,ripples,188,william-taylor,,,,,,,,
,overbank,29.968127,-115.803118,ripples,198,william-taylor,,,,,,,,
,overbank,29.967828,-115.803658,ripples,210,william-taylor,,,,,,,,
,overbank,29.967794,-115.803675,ripples,190,william-taylor,,,,,,,,
,overbank,29.967786,-115.803683,ripples,230,william-taylor,,,,,,,,
,overbank,29.967613,-115.804098,ripples,156,william-taylor,,,,,,,,
,overbank,29.967675,-115.803292,ripples,224,william-taylor,,,,,,,,
,overbank,29.964807,-115.803207,ripples,180,william-taylor,,,,,,,,
,overbank,29.964813,-115.803229,ripples,200,william-taylor,,,,,,,,
,overbank,29.964869,-115.803271,ripples,210,william-taylor,,,,,,,,
,overbank,29.964737,-115.803214,ripples,188,william-taylor,,,,,,,,
,overbank,29.964694,-115.803222,ripples,140,william-taylor,,,,,,,,
,overbank,29.964692,-115.803234,ripples,192,william-taylor,,,,,,,,
,overbank,<Null>,<Null>,ripples,135,william-taylor,,,,,,,,
,overbank,<Null>,<Null>,ripples,165,william-taylor,,,,,,,,
,overbank,29.967447,-115.803335,ripples,220,william-taylor,,,,,,,,
,overbank,29.967456,-115.80331,ripples,180,william-taylor,,,,,,,,
,overbank,29.967288,-115.803596,ripples,185,william-taylor,,,,,,,,
